0.00000000000000,0.00000000000000,0.00000000000000
0.00000000000000,0.00000000000000,0.00000000000000
0.00000000000000,0.00000000000000,0.00000000000000
0.00000000000000,0.00000000000000,0.00000000000000
0.00000000000000,0.00000000000000,0.00000000000000
0.00000000000000,0.00000000000000,0.00000000000000
0.00000000000000,0.00000000000000,0.00000000000000
0.00000000000000,0.00000000000000,0.00000000000000
0.00000000000000,0.00000000000000,0.00000000000000
279.00000000000000,11.21607588426820,59.11695513096390
536.28571428571400,22.47920411765320,50.79246431147510
666.28571428571400,32.29758196461510,39.82705827000710
700.85714285714300,39.76920287525380,25.41693130308560
759.85714285714300,43.72814913098490,7.62862249478338
747.00000000000000,43.26762117263730,-11.45325709114360
684.28571428571400,38.50627209439810,-28.65707888464580
614.28571428571400,30.47211352611650,-42.33325020333420
425.00000000000000,20.29927322576670,-52.69767739906050
106.14285714285700,8.82984725839004,-60.59830132642320
0.00000000000000,0.00000000000000,0.00000000000000
0.00000000000000,0.00000000000000,0.00000000000000
0.00000000000000,0.00000000000000,0.00000000000000
0.00000000000000,0.00000000000000,0.00000000000000
0.00000000000000,0.00000000000000,0.00000000000000
0.00000000000000,0.00000000000000,0.00000000000000
0.00000000000000,0.00000000000000,0.00000000000000
0.00000000000000,0.00000000000000,0.00000000000000
0.00000000000000,0.00000000000000,0.00000000000000
0.00000000000000,0.00000000000000,0.00000000000000
0.00000000000000,0.00000000000000,0.00000000000000
0.00000000000000,0.00000000000000,0.00000000000000
0.00000000000000,0.00000000000000,0.00000000000000
0.00000000000000,0.00000000000000,0.00000000000000
248.42857142857100,11.07298677113130,60.25401204759600
526.85714285714300,22.49596106414010,52.01136953463080
671.00000000000000,32.52650818033580,41.13517572578480
742.00000000000000,40.26541774498890,26.74139342579830
770.57142857142900,44.51223741252150,8.76292220543881
768.85714285714300,44.27747826170140,-10.74651213640530
736.42857142857100,39.62362100673820,-28.41891406407320
620.28571428571400,31.60226924949490,-42.43495974944310
432.42857142857100,21.39523782595430,-53.00825777695310
141.28571428571400,9.86932722740776,-61.04266423558660
0.00000000000000,0.00000000000000,0.00000000000000
0.00000000000000,0.00000000000000,0.00000000000000
0.00000000000000,0.00000000000000,0.00000000000000
0.00000000000000,0.00000000000000,0.00000000000000
0.00000000000000,0.00000000000000,0.00000000000000
0.00000000000000,0.00000000000000,0.00000000000000
0.00000000000000,0.00000000000000,0.00000000000000
0.00000000000000,0.00000000000000,0.00000000000000
0.00000000000000,0.00000000000000,0.00000000000000
0.00000000000000,0.00000000000000,0.00000000000000
0.00000000000000,0.00000000000000,0.00000000000000
0.00000000000000,0.00000000000000,0.00000000000000
0.00000000000000,0.00000000000000,0.00000000000000
0.00000000000000,0.00000000000000,0.00000000000000
273.14285714285700,11.18165845273900,61.64292995285120
551.14285714285700,22.79191087413710,53.45930897975180
672.42857142857100,33.06385503168850,42.63471742325940
744.71428571428600,41.09643741987950,28.18059252647440
779.57142857142900,45.64005203936720,9.87196254357977
778.57142857142900,45.60389698663890,-10.23881561624120
747.57142857142900,40.99770015794920,-28.50093190714500
642.28571428571400,32.92165492940250,-42.89969916586360
538.28571428571400,22.62212156669710,-53.68309916327700
195.42857142857100,10.99496304769040,-61.84289959215480
0.00000000000000,0.00000000000000,0.00000000000000
0.00000000000000,0.00000000000000,0.00000000000000
0.00000000000000,0.00000000000000,0.00000000000000
0.00000000000000,0.00000000000000,0.00000000000000
0.00000000000000,0.00000000000000,0.00000000000000
0.00000000000000,0.00000000000000,0.00000000000000
0.00000000000000,0.00000000000000,0.00000000000000
0.00000000000000,0.00000000000000,0.00000000000000
0.00000000000000,0.00000000000000,0.00000000000000
0.00000000000000,0.00000000000000,0.00000000000000
0.00000000000000,0.00000000000000,0.00000000000000
0.00000000000000,0.00000000000000,0.00000000000000
0.00000000000000,0.00000000000000,0.00000000000000
0.00000000000000,0.00000000000000,0.00000000000000
289.85714285714300,11.54770757291980,63.25097366870340
561.00000000000000,23.36506439666420,55.10670194329380
682.57142857142900,33.90028589278540,44.30085549670790
722.00000000000000,42.24672867669310,29.71430248071730
727.57142857142900,47.09081887788030,10.93191043887710
720.14285714285700,47.21886199525980,-9.96564537642782
740.14285714285700,42.59203720196850,-28.93786793300830
699.00000000000000,34.38911831619530,-43.74803798492410
537.42857142857100,23.93877724579120,-54.72775969301320
215.42857142857100,12.16852221421320,-62.99317971897190
0.00000000000000,0.13246276744938,-39.88366009497700
0.00000000000000,0.00000000000000,0.00000000000000
0.00000000000000,0.00000000000000,0.00000000000000
0.00000000000000,0.00000000000000,0.00000000000000
0.00000000000000,0.00000000000000,0.00000000000000
0.00000000000000,0.00000000000000,0.00000000000000
0.00000000000000,0.00000000000000,0.00000000000000
0.00000000000000,0.00000000000000,0.00000000000000
0.00000000000000,0.00000000000000,0.00000000000000
0.00000000000000,0.00000000000000,0.00000000000000
0.00000000000000,0.00000000000000,0.00000000000000
0.00000000000000,0.00000000000000,0.00000000000000
0.00000000000000,0.00000000000000,0.00000000000000
0.00000000000000,0.01593989666467,20.61615978508370
295.71428571428600,12.16810096463630,65.04548507190730
565.71428571428600,24.20481544292310,56.92630735802420
696.00000000000000,35.01843799589380,46.11345329911610
757.85714285714300,43.69386853407700,31.32854537553330
793.00000000000000,48.83821324648960,11.92282558759800
796.14285714285700,49.08915669818100,-9.96347097158415
768.28571428571400,44.36522236650440,-29.76367808152540
704.57142857142900,35.96038956677240,-44.99504986333670
566.28571428571400,25.30349891477910,-56.14005273407140
291.42857142857100,13.35347183538610,-64.47977808711530
0.00000000000000,0.94133972642268,-71.05495755070140
0.00000000000000,0.00000000000000,0.00000000000000
0.00000000000000,0.00000000000000,0.00000000000000
0.00000000000000,0.00000000000000,0.00000000000000
0.00000000000000,0.00000000000000,0.00000000000000
0.00000000000000,0.00000000000000,0.00000000000000
0.00000000000000,0.00000000000000,0.00000000000000
0.00000000000000,0.00000000000000,0.00000000000000
0.00000000000000,0.00000000000000,0.00000000000000
0.00000000000000,0.00000000000000,0.00000000000000
0.00000000000000,0.00000000000000,0.00000000000000
0.00000000000000,0.00000000000000,0.00000000000000
0.00000000000000,0.00000000000000,0.00000000000000
0.00000000000000,0.46608120425576,73.44562828784230
248.28571428571400,13.03077088875310,66.99571170621960
402.57142857142900,25.29199230043930,58.89470125426420
508.85714285714300,36.39322701664290,48.05845497536560
631.00000000000000,45.40907851125790,33.01729633565030
729.00000000000000,50.85122168499620,12.82993547456810
673.71428571428600,51.17735012203430,-10.26975422771850
640.42857142857100,46.27219178356930,-31.01034446477360
597.14285714285700,37.58996657156570,-46.64857069669400
475.71428571428600,26.67617766531540,-57.90914764795340
237.42857142857100,14.51706863059000,-66.28113567831040
0.00000000000000,1.85418193127817,-72.90161950517310
0.00000000000000,0.00000000000000,0.00000000000000
0.00000000000000,0.00000000000000,0.00000000000000
0.00000000000000,0.00000000000000,0.00000000000000
0.00000000000000,0.00000000000000,0.00000000000000
0.00000000000000,0.00000000000000,0.00000000000000
0.00000000000000,0.00000000000000,0.00000000000000
0.00000000000000,0.00000000000000,0.00000000000000
0.00000000000000,0.00000000000000,0.00000000000000
0.00000000000000,0.00000000000000,0.00000000000000
0.00000000000000,0.00000000000000,0.00000000000000
0.00000000000000,0.00000000000000,0.00000000000000
0.00000000000000,0.00000000000000,0.00000000000000
0.00000000000000,1.28174193082832,75.54426214000440
338.85714285714300,14.11467729525910,69.07424413177300
567.71428571428600,26.59923851744550,60.99329278905960
701.42857142857100,37.99232887240170,50.12887307670780
756.57142857142900,47.35780552251800,34.78409870953780
779.14285714285700,53.09501548627630,13.64488863042140
769.85714285714300,53.44273034374660,-10.92329092997880
737.85714285714300,48.26553492512860,-32.70631720821600
705.71428571428600,39.23306911802640,-48.70731697341750
577.14285714285700,28.02035971521550,-60.01491153318090
325.71428571428600,15.63211812138910,-68.36820303194930
0.00000000000000,2.74480776551458,-75.00353179918810
0.00000000000000,0.00000000000000,0.00000000000000
0.00000000000000,0.00000000000000,0.00000000000000
0.00000000000000,0.00000000000000,0.00000000000000
0.00000000000000,0.00000000000000,0.00000000000000
0.00000000000000,0.00000000000000,0.00000000000000
0.00000000000000,0.00000000000000,0.00000000000000
0.00000000000000,0.00000000000000,0.00000000000000
0.00000000000000,0.00000000000000,0.00000000000000
0.00000000000000,0.00000000000000,0.00000000000000
0.00000000000000,0.00000000000000,0.00000000000000
0.00000000000000,0.00000000000000,0.00000000000000
0.00000000000000,0.00000000000000,0.00000000000000
0.00000000000000,2.32111862975038,77.74003625657490
373.71428571428600,15.39046560732320,71.25782929301440
592.85714285714300,28.09180682608320,63.20866412895650
688.14285714285700,39.77689892103630,52.32513412978780
702.57142857142900,49.50036514370340,36.64341784437100
770.71428571428600,55.53182585179760,14.36689179385120
793.42857142857100,55.84213679307540,-11.96507838553150
683.14285714285700,50.29680056376140,-34.87454830776070
656.57142857142900,40.84755423829910,-51.15911291040310
522.00000000000000,29.30500449176030,-62.42772741496840
337.14285714285700,16.67819625714530,-70.70516589642420
0.00000000000000,3.58823138320129,-77.32249117831500
0.00000000000000,0.00000000000000,0.00000000000000
0.00000000000000,0.00000000000000,0.00000000000000
0.00000000000000,0.00000000000000,0.00000000000000
0.00000000000000,0.00000000000000,0.00000000000000
0.00000000000000,0.00000000000000,0.00000000000000
0.00000000000000,0.00000000000000,0.00000000000000
0.00000000000000,0.00000000000000,0.00000000000000
0.00000000000000,0.00000000000000,0.00000000000000
0.00000000000000,0.00000000000000,0.00000000000000
0.00000000000000,0.00000000000000,0.00000000000000
0.00000000000000,0.00000000000000,0.00000000000000
0.00000000000000,0.00000000000000,0.00000000000000
0.14285714285714,3.66556447661531,80.19402900222450
396.00000000000000,16.94640745792470,73.71741451623200
602.28571428571400,29.86933061563590,65.72844362544320
712.57142857142900,41.86629145156310,54.85396103211180
766.14285714285700,51.98691385216610,38.79265295622320
785.00000000000000,58.34094092179470,15.05114264029630
782.85714285714300,58.53715553540400,-13.59045864548200
735.85714285714300,52.47973580371620,-37.77832463142020
708.42857142857100,42.51614028219770,-54.23155274331960
594.57142857142900,30.59750112558200,-65.34269781920150
366.42857142857100,17.71529293114020,-73.46940259728910
0.00000000000000,4.43247886400611,-80.02948410371560
0.00000000000000,0.00000000000000,0.00000000000000
0.00000000000000,0.00000000000000,0.00000000000000
0.00000000000000,0.00000000000000,0.00000000000000
0.00000000000000,0.00000000000000,0.00000000000000
0.00000000000000,0.00000000000000,0.00000000000000
0.00000000000000,0.00000000000000,0.00000000000000
0.00000000000000,0.00000000000000,0.00000000000000
0.00000000000000,0.00000000000000,0.00000000000000
0.00000000000000,0.00000000000000,0.00000000000000
0.00000000000000,0.00000000000000,0.00000000000000
0.00000000000000,0.00000000000000,0.00000000000000
0.00000000000000,0.00000000000000,0.00000000000000
20.28571428571430,5.14686723970887,82.65187977790380
379.71428571428600,18.59406051835370,76.20693115412000
605.00000000000000,31.71775021965500,68.31331452181020
711.85714285714300,44.01326949284190,57.49683151565080
750.42857142857100,54.53410503758260,41.07851886408270
778.57142857142900,61.21657067559320,15.65075215932960
794.71428571428600,61.22468374000200,-15.72000203853810
768.28571428571400,54.55563928831370,-41.16551122088730
721.28571428571400,44.04350996797080,-57.60544187957030
580.85714285714300,31.75420501186970,-68.44186884883640
300.14285714285700,18.63632388887270,-76.35617205548680
0.00000000000000,5.19459849121758,-82.82605660605160
0.00000000000000,0.00000000000000,0.00000000000000
0.00000000000000,0.00000000000000,0.00000000000000
0.00000000000000,0.00000000000000,0.00000000000000
0.00000000000000,0.00000000000000,0.00000000000000
0.00000000000000,0.00000000000000,0.00000000000000
0.00000000000000,0.00000000000000,0.00000000000000
0.00000000000000,0.00000000000000,0.00000000000000
0.00000000000000,0.00000000000000,0.00000000000000
0.00000000000000,0.00000000000000,0.00000000000000
0.00000000000000,0.00000000000000,0.00000000000000
0.00000000000000,0.00000000000000,0.00000000000000
0.00000000000000,0.00000000000000,0.00000000000000
60.00000000000000,6.64681012946562,84.99555914137670
396.28571428571400,20.21352310758240,78.61177201133300
621.85714285714300,33.50691366343410,70.85289248253240
724.85714285714300,46.07300498869150,60.15949345278530
778.28571428571400,56.98187297680920,43.45852163329880
801.57142857142900,63.99563175967170,16.18043362109490
788.42857142857100,63.74808761406880,-18.30121423410610
771.57142857142900,56.40283362872740,-44.85783499092460
721.42857142857100,45.35239667301970,-61.07286613719640
612.14285714285700,32.72853115300080,-71.53363706912210
370.28571428571400,19.41335270350950,-79.19125824043540
3.14285714285714,5.85477934239988,-85.54732301895490
0.00000000000000,0.00000000000000,0.00000000000000
0.00000000000000,0.00000000000000,0.00000000000000
0.00000000000000,0.00000000000000,0.00000000000000
0.00000000000000,0.00000000000000,0.00000000000000
0.00000000000000,0.00000000000000,0.00000000000000
0.00000000000000,0.00000000000000,0.00000000000000
0.00000000000000,0.00000000000000,0.00000000000000
0.00000000000000,0.00000000000000,0.00000000000000
0.00000000000000,0.00000000000000,0.00000000000000
0.00000000000000,0.00000000000000,0.00000000000000
0.00000000000000,0.00000000000000,0.00000000000000
0.00000000000000,0.00000000000000,0.00000000000000
85.14285714285710,8.19299532889690,87.34840690865170
423.28571428571400,21.84818114331590,81.05973668909110
565.85714285714300,35.28956462224170,73.48648564828860
636.28571428571400,48.11182119773870,63.00264532711540
713.42857142857100,59.41871092114940,46.12056548192300
734.71428571428600,66.79739504648100,16.72531014228930
750.14285714285700,66.21372562328140,-21.49986581921260
542.85714285714300,58.10773830692060,-48.99192052487810
635.14285714285700,46.52154616306870,-64.74894868915330
603.28571428571400,33.59174817535180,-74.72915604163490
370.14285714285700,20.11098816463880,-82.08440862879510
10.71428571428570,6.46911001336178,-88.30381703392980
0.00000000000000,0.00000000000000,0.00000000000000
0.00000000000000,0.00000000000000,0.00000000000000
0.00000000000000,0.00000000000000,0.00000000000000
0.00000000000000,0.00000000000000,0.00000000000000
0.00000000000000,0.00000000000000,0.00000000000000
0.00000000000000,0.00000000000000,0.00000000000000
0.00000000000000,0.00000000000000,0.00000000000000
0.00000000000000,0.00000000000000,0.00000000000000
0.00000000000000,0.00000000000000,0.00000000000000
0.00000000000000,0.00000000000000,0.00000000000000
0.00000000000000,0.00000000000000,0.00000000000000
0.00000000000000,0.00000000000000,0.00000000000000
119.00000000000000,9.73793096033522,89.69471481819110
353.85714285714300,23.45196848128940,83.53677192700070
478.14285714285700,37.01684992706930,76.20521514198800
541.57142857142900,50.07599671166950,66.03646496954750
611.57142857142900,61.78810214662090,49.13722585135310
590.14285714285700,69.58039271345680,17.35550928850770
643.57142857142900,68.57439019488440,-25.39049777706260
618.00000000000000,59.64135049852110,-53.50842338285140
662.14285714285700,47.54530036078310,-68.56056917464500
563.00000000000000,34.34982811751610,-77.96916388798940
314.00000000000000,20.74044885997890,-84.98646565686660
14.28571428571430,7.05023871351407,-91.05130339796000
0.00000000000000,0.00000000000000,0.00000000000000
0.00000000000000,0.00000000000000,0.00000000000000
0.00000000000000,0.00000000000000,0.00000000000000
0.00000000000000,0.00000000000000,0.00000000000000
0.00000000000000,0.00000000000000,0.00000000000000
0.00000000000000,0.00000000000000,0.00000000000000
0.00000000000000,0.00000000000000,0.00000000000000
0.00000000000000,0.00000000000000,0.00000000000000
0.00000000000000,0.00000000000000,0.00000000000000
0.00000000000000,0.00000000000000,0.00000000000000
0.00000000000000,0.00000000000000,0.00000000000000
0.00000000000000,0.00000000000000,0.00000000000000
59.42857142857140,11.23648241033800,92.01796671401740
312.85714285714300,24.98113472025420,86.02546520724770
498.85714285714300,38.64256653870330,78.99318754854220
603.71428571428600,51.91361445733960,69.25975602727560
665.28571428571400,64.03167110091640,52.58189333739830
680.28571428571400,72.30332089889170,18.17525085377910
680.42857142857100,70.78365967032160,-30.04765226298940
656.28571428571400,60.98473959863100,-58.32081302694500
582.00000000000000,48.42687543735400,-72.42844570397750
472.14285714285700,35.01423570696550,-81.19445449039620
239.85714285714300,21.31568488449470,-87.84948198483780
7.57142857142857,7.61144862712161,-93.74676507189650
0.00000000000000,0.00000000000000,0.00000000000000
0.00000000000000,0.00000000000000,0.00000000000000
0.00000000000000,0.00000000000000,0.00000000000000
0.00000000000000,0.00000000000000,0.00000000000000
0.00000000000000,0.00000000000000,0.00000000000000
0.00000000000000,0.00000000000000,0.00000000000000
0.00000000000000,0.00000000000000,0.00000000000000
0.00000000000000,0.00000000000000,0.00000000000000
0.00000000000000,0.00000000000000,0.00000000000000
0.00000000000000,0.00000000000000,0.00000000000000
0.00000000000000,0.00000000000000,0.00000000000000
0.00000000000000,0.00864193493437,14.42336463728020
99.28571428571430,12.64726901263010,94.29946238988770
354.85714285714300,26.39582331272010,88.50344880862730
529.28571428571400,40.12501467544320,81.82484502391390
617.71428571428600,53.57679898169980,72.65339523314210
680.28571428571400,66.09033324367480,56.51490156514140
703.57142857142900,74.92454733424350,19.34263877646470
693.85714285714300,72.79739974788500,-35.53008088991540
654.28571428571400,62.13089148727770,-63.31657453529160
592.42857142857100,49.17756359591490,-76.27080750684630
483.85714285714300,35.60050868651630,-84.34745406020960
226.85714285714300,21.85193355355140,-90.62735138883290
13.28571428571430,8.16538102410414,-96.34874326169590
0.00000000000000,0.00000000000000,0.00000000000000
0.00000000000000,0.00000000000000,0.00000000000000
0.00000000000000,0.00000000000000,0.00000000000000
0.00000000000000,0.00000000000000,0.00000000000000
0.00000000000000,0.00000000000000,0.00000000000000
0.00000000000000,0.00000000000000,0.00000000000000
0.00000000000000,0.00000000000000,0.00000000000000
0.00000000000000,0.00000000000000,0.00000000000000
0.00000000000000,0.00000000000000,0.00000000000000
0.00000000000000,0.00000000000000,0.00000000000000
0.00000000000000,0.00000000000000,0.00000000000000
0.00000000000000,0.71001359416951,102.15624293369500
124.71428571428600,13.93382617672630,96.51725801404630
386.42857142857100,27.66159352419670,90.94229200174710
544.28571428571400,41.42893390645150,84.66307960407830
627.71428571428600,55.02448656283520,76.17422737459090
681.14285714285700,67.90683954382150,60.96081122250230
700.57142857142900,77.40097567829590,21.10335983451340
696.71428571428600,74.57659205852810,-41.85262739863650
664.57142857142900,63.08554559866760,-68.36302628914110
606.42857142857100,49.81522048901110,-80.00706037549050
501.71428571428600,36.12659149068080,-87.37339792859650
250.42857142857100,22.36425484876060,-93.27622495004150
17.71428571428570,8.72275022600470,-98.81762346437600
0.00000000000000,0.00000000000000,0.00000000000000
0.00000000000000,0.00000000000000,0.00000000000000
0.00000000000000,0.00000000000000,0.00000000000000
0.00000000000000,0.00000000000000,0.00000000000000
0.00000000000000,0.00000000000000,0.00000000000000
0.00000000000000,0.00000000000000,0.00000000000000
0.00000000000000,0.00000000000000,0.00000000000000
0.00000000000000,0.00000000000000,0.00000000000000
0.00000000000000,0.00000000000000,0.00000000000000
0.00000000000000,0.00000000000000,0.00000000000000
0.00000000000000,0.00000000000000,0.00000000000000
0.00000000000000,1.80885254040538,104.16686297586000
126.28571428571400,15.06572654247800,98.64556610806030
365.57142857142900,28.75087678913710,93.30712054929100
534.28571428571400,42.52743327012840,87.45868916307570
610.00000000000000,56.22558434081300,79.75131537456370
668.14285714285700,69.43048755813390,65.87801903660380
693.57142857142900,79.68578620915170,23.84635948260640
701.28571428571400,76.09195508407910,-48.94634509011670
663.85714285714300,63.86650452875150,-73.31715613073150
591.42857142857100,50.36212741819120,-83.56088244331710
493.42857142857100,36.61099912845590,-90.22109884974150
271.57142857142900,22.86607605326260,-95.75480269536160
21.71428571428570,9.29119066463248,-101.11595192430700
0.00000000000000,0.00000000000000,0.00000000000000
0.00000000000000,0.00000000000000,0.00000000000000
0.00000000000000,0.00000000000000,0.00000000000000
0.00000000000000,0.00000000000000,0.00000000000000
0.00000000000000,0.00000000000000,0.00000000000000
0.00000000000000,0.00000000000000,0.00000000000000
0.00000000000000,0.00000000000000,0.00000000000000
0.00000000000000,0.00000000000000,0.00000000000000
0.00000000000000,0.00000000000000,0.00000000000000
0.00000000000000,0.00000000000000,0.00000000000000
0.00000000000000,0.00000000000000,0.00000000000000
0.00000000000000,2.79656876070976,106.05277053076600
119.71428571428600,16.01963772232390,100.65473628711900
345.57142857142900,29.64426602468190,95.55716253319790
502.85714285714300,43.40368462934740,90.15167843674620
583.14285714285700,57.16202804328760,83.28678613226420
627.85714285714300,70.62418073463980,71.12976442054770
653.57142857142900,81.72421679829700,28.18531180930540
639.57142857142900,77.33011917010180,-56.61805730073910
610.57142857142900,64.50124367803090,-78.03708126711620
561.14285714285700,50.84243700354720,-86.86232523536340
448.00000000000000,37.07092703886540,-92.84335636545230
244.71428571428600,23.36780699377820,-98.02458403370510
17.71428571428570,9.87426164826433,-103.20883602411900
0.00000000000000,0.00000000000000,0.00000000000000
0.00000000000000,0.00000000000000,0.00000000000000
0.00000000000000,0.00000000000000,0.00000000000000
0.00000000000000,0.00000000000000,0.00000000000000
0.00000000000000,0.00000000000000,0.00000000000000
0.00000000000000,0.00000000000000,0.00000000000000
0.00000000000000,0.00000000000000,0.00000000000000
0.00000000000000,0.00000000000000,0.00000000000000
0.00000000000000,0.00000000000000,0.00000000000000
0.00000000000000,0.00000000000000,0.00000000000000
0.00000000000000,0.00000000000000,0.00000000000000
0.00000000000000,3.62516131888278,107.78940536136300
109.00000000000000,16.78018982002030,102.51188647760600
337.28571428571400,30.33145334471790,97.64729873802690
502.14285714285700,44.05204078952870,92.67458253382030
573.28571428571400,57.83094580578740,86.66272754400450
626.42857142857100,71.47247974101930,76.47481676293420
650.85714285714300,83.44674635194240,35.02306598239920
647.00000000000000,78.29958679766770,-64.53413577137990
607.71428571428600,65.02313622692370,-82.39191522822610
556.14285714285700,51.27949032057110,-89.84877113078920
437.71428571428600,37.52045764437380,-95.19710722776380
237.71428571428600,23.87562487668460,-100.05014322045400
19.28571428571430,10.47067951171030,-105.06444460641200
0.00000000000000,0.00000000000000,0.00000000000000
0.00000000000000,0.00000000000000,0.00000000000000
0.00000000000000,0.00000000000000,0.00000000000000
0.00000000000000,0.00000000000000,0.00000000000000
0.00000000000000,0.00000000000000,0.00000000000000
0.00000000000000,0.00000000000000,0.00000000000000
0.00000000000000,0.00000000000000,0.00000000000000
0.00000000000000,0.00000000000000,0.00000000000000
0.00000000000000,0.00000000000000,0.00000000000000
0.00000000000000,0.00000000000000,0.00000000000000
0.00000000000000,0.00000000000000,0.00000000000000
0.00000000000000,4.26938644787813,109.34996492484200
126.71428571428600,17.34048381580160,104.18216322387200
339.57142857142900,30.81160494927210,99.53049826233380
462.00000000000000,44.47824107744560,94.95745157895430
550.28571428571400,58.24510614895290,89.75352494964450
612.00000000000000,71.98737347691320,81.59550700853930
631.28571428571400,84.76313692213060,45.35159530393310
627.00000000000000,79.03313061682680,-72.25320837906550
599.57142857142900,65.46698351763950,-86.26758672484590
533.85714285714300,51.69330108787350,-92.46491150349590
426.57142857142900,37.96902269321140,-97.24345706170290
243.14285714285700,24.39054489343610,-101.79948000016100
30.14285714285710,11.07386689898740,-106.65459400368800
0.00000000000000,0.00000000000000,0.00000000000000
0.00000000000000,0.00000000000000,0.00000000000000
0.00000000000000,0.00000000000000,0.00000000000000
0.00000000000000,0.00000000000000,0.00000000000000
0.00000000000000,0.00000000000000,0.00000000000000
0.00000000000000,0.00000000000000,0.00000000000000
0.00000000000000,0.00000000000000,0.00000000000000
0.00000000000000,0.00000000000000,0.00000000000000
0.00000000000000,0.00000000000000,0.00000000000000
0.00000000000000,0.00000000000000,0.00000000000000
0.00000000000000,0.00000000000000,0.00000000000000
0.00000000000000,4.71903533215776,110.70644196249400
108.00000000000000,17.70209500327900,105.63049430000200
265.00000000000000,31.09301834508010,101.16080285174700
292.28571428571400,44.69851070755470,96.93359119012260
371.71428571428600,58.43120633587560,92.44059165872030
488.28571428571400,72.20808409830620,86.16087583033720
610.57142857142900,85.58076990943380,59.17900097631360
635.57142857142900,79.58362975956110,-79.30360884806380
605.71428571428600,65.86461529848030,-89.56799452969660
548.42857142857100,52.09843816755460,-94.66215191137600
443.42857142857100,38.42025157531980,-98.94775670912460
256.71428571428600,24.90787514718730,-103.24448436417500
36.28571428571430,11.67189254373250,-107.95539005762400
0.00000000000000,0.00000000000000,0.00000000000000
0.00000000000000,0.00000000000000,0.00000000000000
0.00000000000000,0.00000000000000,0.00000000000000
0.00000000000000,0.00000000000000,0.00000000000000
0.00000000000000,0.00000000000000,0.00000000000000
0.00000000000000,0.00000000000000,0.00000000000000
0.00000000000000,0.00000000000000,0.00000000000000
0.00000000000000,0.00000000000000,0.00000000000000
0.00000000000000,0.00000000000000,0.00000000000000
0.00000000000000,0.00000000000000,0.00000000000000
0.00000000000000,0.00000000000000,0.00000000000000
1.28571428571429,4.97451477127690,111.83101082642300
147.00000000000000,17.87450637559590,106.82359426597100
337.42857142857100,31.19203474482050,102.49637561170600
478.57142857142900,44.73760590959770,98.54488287534460
553.28571428571400,58.42621766270100,94.62524680764910
595.71428571428600,72.19376045357980,89.89589780702800
613.28571428571400,85.88074827175960,73.93267857616150
608.42857142857100,80.01352923595900,-85.26307680029120
580.42857142857100,66.24111144751040,-92.21267319120770
525.14285714285700,52.50243258482290,-96.39796253840910
426.14285714285700,38.87127846227480,-100.27988530576400
248.14285714285700,25.41710681383330,-104.36154406898600
39.14285714285710,12.24782771269220,-108.94789357340100
0.00000000000000,0.04036728552794,-49.10666571811830
0.00000000000000,0.00000000000000,0.00000000000000
0.00000000000000,0.00000000000000,0.00000000000000
0.00000000000000,0.00000000000000,0.00000000000000
0.00000000000000,0.00000000000000,0.00000000000000
0.00000000000000,0.00000000000000,0.00000000000000
0.00000000000000,0.00000000000000,0.00000000000000
0.00000000000000,0.00000000000000,0.00000000000000
0.00000000000000,0.00000000000000,0.00000000000000
0.00000000000000,0.00000000000000,0.00000000000000
0.00000000000000,0.00000000000000,0.00000000000000
2.57142857142857,5.04469610990487,112.69757572540800
102.71428571428600,17.87401459455140,107.73193354322600
239.42857142857100,31.13133030089810,103.50212025539900
330.71428571428600,44.62610291669140,99.74566802843960
459.85714285714300,58.27259751433260,96.23643216805190
530.57142857142900,72.01180750464860,92.62263216502560
519.42857142857100,85.78449009392040,85.61532376935400
561.00000000000000,80.38158247787080,-89.79473932228790
539.14285714285700,66.61187146255400,-94.13310533792380
487.71428571428600,52.90473682373010,-97.63567650711080
375.14285714285700,39.31252031040680,-101.21487075406400
208.42857142857100,25.90223400359790,-105.13230549066000
28.57142857142860,12.78048864172590,-109.61877645590500
0.00000000000000,0.44107412587658,-114.96958176640100
0.00000000000000,0.00000000000000,0.00000000000000
0.00000000000000,0.00000000000000,0.00000000000000
0.00000000000000,0.00000000000000,0.00000000000000
0.00000000000000,0.00000000000000,0.00000000000000
0.00000000000000,0.00000000000000,0.00000000000000
0.00000000000000,0.00000000000000,0.00000000000000
0.00000000000000,0.00000000000000,0.00000000000000
0.00000000000000,0.00000000000000,0.00000000000000
0.00000000000000,0.00000000000000,0.00000000000000
0.00000000000000,0.00000000000000,0.00000000000000
0.85714285714286,4.94554295738268,113.28327591468500
61.85714285714290,17.72224281965650,108.33140379272100
228.14285714285700,30.93782283193520,104.15151023696300
319.85714285714300,44.39737103251250,100.50468224662500
434.42857142857100,58.01339407664530,97.23234821569240
407.14285714285700,71.72638178153120,94.26191378743710
456.57142857142900,85.48814150591430,92.21840918351570
506.71428571428600,80.73089914696580,-92.63024356399340
498.42857142857100,66.98051257002580,-95.26993155122070
477.57142857142900,53.29621426469970,-98.34513461610020
377.71428571428600,39.72790137434060,-101.73391554710500
208.28571428571400,26.34245814737070,-105.54456451042600
38.28571428571430,13.24549299420940,-109.96092663113000
0.00000000000000,0.87028087571807,-115.25672965193100
0.00000000000000,0.00000000000000,0.00000000000000
0.00000000000000,0.00000000000000,0.00000000000000
0.00000000000000,0.00000000000000,0.00000000000000
0.00000000000000,0.00000000000000,0.00000000000000
0.00000000000000,0.00000000000000,0.00000000000000
0.00000000000000,0.00000000000000,0.00000000000000
0.00000000000000,0.00000000000000,0.00000000000000
0.00000000000000,0.00000000000000,0.00000000000000
0.00000000000000,0.00000000000000,0.00000000000000
0.00000000000000,0.00000000000000,0.00000000000000
1.28571428571429,4.69861296861301,113.56977096647200
80.71428571428570,17.44443633252050,108.60449667610800
249.57142857142900,30.64046470013580,104.42748175948100
358.71428571428600,44.08466171345110,100.80511085037900
403.85714285714300,57.68806762969840,97.59733077813280
430.14285714285700,71.39018351782500,94.80913047358550
437.71428571428600,85.13994794985510,93.99941772242630
491.14285714285700,81.07982595210930,-93.52775365497190
451.00000000000000,67.33751627515070,-95.57300087390880
393.57142857142900,53.65915305935250,-98.50441748247250
331.71428571428600,40.09550218618180,-101.82580436787600
196.85714285714300,26.71322366749880,-105.59321287569400
44.00000000000000,13.61654771662360,-109.97393704628600
0.00000000000000,1.20016708762924,-115.23292210390200
0.00000000000000,0.00000000000000,0.00000000000000
0.00000000000000,0.00000000000000,0.00000000000000
0.00000000000000,0.00000000000000,0.00000000000000
0.00000000000000,0.00000000000000,0.00000000000000
0.00000000000000,0.00000000000000,0.00000000000000
0.00000000000000,0.00000000000000,0.00000000000000
0.00000000000000,0.00000000000000,0.00000000000000
0.00000000000000,0.00000000000000,0.00000000000000
0.00000000000000,0.00000000000000,0.00000000000000
0.00000000000000,0.00000000000000,0.00000000000000
0.28571428571429,4.32931023975921,113.54419302717000
23.57142857142860,17.06770166317460,108.54092729288100
87.28571428571430,30.26814674569470,104.32245537839900
129.71428571428600,43.71861742055490,100.64325392943000
163.42857142857100,57.32943505486870,97.33629944541910
172.28571428571400,71.04015907885790,94.30425243506430
267.57142857142900,84.80380474939200,91.83666941882970
240.57142857142900,81.41491323755050,-92.24706777806650
326.57142857142900,67.65966949279190,-95.00578284923520
194.28571428571400,53.96786553496000,-98.10269629421700
151.28571428571400,40.38864167158580,-101.48855487879800
72.85714285714290,26.98754902579760,-105.28110495141600
8.28571428571429,13.86690168684940,-109.66438472452900
0.00000000000000,1.39983556328318,-114.90843604657400
0.00000000000000,0.00000000000000,0.00000000000000
0.00000000000000,0.00000000000000,0.00000000000000
0.00000000000000,0.00000000000000,0.00000000000000
0.00000000000000,0.00000000000000,0.00000000000000
0.00000000000000,0.00000000000000,0.00000000000000
0.00000000000000,0.00000000000000,0.00000000000000
0.00000000000000,0.00000000000000,0.00000000000000
0.00000000000000,0.00000000000000,0.00000000000000
0.00000000000000,0.00000000000000,0.00000000000000
0.00000000000000,0.00000000000000,0.00000000000000
0.00000000000000,3.86515721999221,113.19972980746800
34.00000000000000,16.61929993262860,108.13774093170500
121.71428571428600,29.84784900404230,103.83769559257100
226.42857142857100,43.32533379692590,100.02644389428000
347.42857142857100,56.96175787728320,96.46890881296350
381.14285714285700,70.69616864974170,92.80884705151940
319.42857142857100,84.47138902154810,86.48113823584650
366.14285714285700,81.68548757894440,-88.59060094996700
344.28571428571400,67.91059300629240,-93.55498249638520
255.85714285714300,54.19000478155470,-97.14393736421260
317.14285714285700,40.57742743252170,-100.73104420812000
124.28571428571400,27.13763477980060,-104.61965663183800
18.71428571428570,13.97091803525400,-109.04578677743200
0.00000000000000,1.44391601890079,-114.29907324490800
0.00000000000000,0.00000000000000,0.00000000000000
0.00000000000000,0.00000000000000,0.00000000000000
0.00000000000000,0.00000000000000,0.00000000000000
0.00000000000000,0.00000000000000,0.00000000000000
0.00000000000000,0.00000000000000,0.00000000000000
0.00000000000000,0.00000000000000,0.00000000000000
0.00000000000000,0.00000000000000,0.00000000000000
0.00000000000000,0.00000000000000,0.00000000000000
0.00000000000000,0.00000000000000,0.00000000000000
0.00000000000000,0.00000000000000,0.00000000000000
0.00000000000000,3.33428581298976,112.53586679189800
30.71428571428570,16.12505637399600,107.39901527134100
171.42857142857100,29.40309117817650,102.98227705462700
204.57142857142900,42.92497360015320,98.97080150430610
280.85714285714300,56.59977680732840,95.02476585606940
207.28571428571400,70.36141599721120,90.39381956560220
301.71428571428600,84.08932272161630,78.59003815978520
274.71428571428600,81.80301011565420,-82.55863441682870
254.00000000000000,68.04289284661160,-91.24467615728690
212.85714285714300,54.28874233739350,-95.65078492747450
247.42857142857100,40.63079236239360,-99.57422203391410
160.00000000000000,27.13671865223960,-103.62896367587300
25.85714285714290,13.90572263141320,-108.13812940770800
0.00000000000000,1.31422969603838,-113.42530972216300
0.00000000000000,0.00000000000000,0.00000000000000
0.00000000000000,0.00000000000000,0.00000000000000
0.00000000000000,0.00000000000000,0.00000000000000
0.00000000000000,0.00000000000000,0.00000000000000
0.00000000000000,0.00000000000000,0.00000000000000
0.00000000000000,0.00000000000000,0.00000000000000
0.00000000000000,0.00000000000000,0.00000000000000
0.00000000000000,0.00000000000000,0.00000000000000
0.00000000000000,0.00000000000000,0.00000000000000
0.00000000000000,0.00000000000000,0.00000000000000
0.00000000000000,2.76409803726465,111.55835208798100
41.71428571428570,15.60792789754710,106.33529879314500
87.28571428571430,28.95269478379680,101.77191320287000
168.00000000000000,42.53087189060800,97.49925499829490
239.00000000000000,56.24845886216340,93.04031582945780
308.85714285714300,70.02386207802730,87.13670314732230
385.42857142857100,83.57478809450550,68.94357981347160
406.85714285714300,81.65393267182140,-74.59381259950300
327.85714285714300,68.00250805382590,-88.15138583848330
302.57142857142900,54.22585176133190,-93.66748138058890
198.71428571428600,40.51895428970420,-98.05145049000830
109.85714285714300,26.96109349440180,-102.33725188127900
24.42857142857140,13.65285509460360,-106.96691323229000
0.00000000000000,1.00208264842307,-112.31112280547200
0.00000000000000,0.00000000000000,0.00000000000000
0.00000000000000,0.00000000000000,0.00000000000000
0.00000000000000,0.00000000000000,0.00000000000000
0.00000000000000,0.00000000000000,0.00000000000000
0.00000000000000,0.00000000000000,0.00000000000000
0.00000000000000,0.00000000000000,0.00000000000000
0.00000000000000,0.00000000000000,0.00000000000000
0.00000000000000,0.00000000000000,0.00000000000000
0.00000000000000,0.00000000000000,0.00000000000000
0.00000000000000,0.00000000000000,0.00000000000000
0.00000000000000,2.17992627157266,110.27894954576100
39.57142857142860,15.08678256997730,104.96291473053800
160.28571428571400,28.50987376293700,100.22784481540800
248.85714285714300,42.14908481970000,95.64006623861990
263.00000000000000,55.90330512216810,90.55747319229250
283.28571428571400,69.65838600740330,83.12571362868320
287.71428571428600,82.84191393454070,58.52409059253580
219.42857142857100,81.13281192464040,-65.68527896894590
198.57142857142900,67.73540451325890,-84.41290669176890
203.14285714285700,53.96551906566630,-91.26038924246640
125.42857142857100,40.21610373574260,-96.20755632996840
159.85714285714300,26.59212301267060,-100.77956034406200
0.57142857142857,13.19979910522890,-105.56174019264700
0.00000000000000,0.51186540884771,-110.98257136293500
0.00000000000000,0.00000000000000,0.00000000000000
0.00000000000000,0.00000000000000,0.00000000000000
0.00000000000000,0.00000000000000,0.00000000000000
0.00000000000000,0.00000000000000,0.00000000000000
0.00000000000000,0.00000000000000,0.00000000000000
0.00000000000000,0.00000000000000,0.00000000000000
0.00000000000000,0.00000000000000,0.00000000000000
0.00000000000000,0.00000000000000,0.00000000000000
0.00000000000000,0.00000000000000,0.00000000000000
0.00000000000000,0.00000000000000,0.00000000000000
0.00000000000000,1.60363690638435,108.71502786555400
29.57142857142860,14.57546921178680,103.30322498292500
127.28571428571400,28.08169723243020,98.37590908868000
149.14285714285700,41.77838155667840,93.42594750954430
128.42857142857100,55.55118543677470,87.62375260591030
155.71428571428600,69.22983633614530,78.46726698053970
125.42857142857100,81.82772822992270,48.33322757267380
297.57142857142900,80.18188179901590,-57.04856530361380
150.71428571428600,67.19577113141560,-80.22235105617400
29.28571428571430,53.47840890609640,-88.51489954784240
77.00000000000000,39.70299489202660,-94.09639605800140
64.71428571428570,26.01802255503880,-98.99570745912040
10.00000000000000,12.54123172246310,-103.95456599380400
0.00000000000000,0.03355761288895,-31.43835588109090
0.00000000000000,0.00000000000000,0.00000000000000
0.00000000000000,0.00000000000000,0.00000000000000
0.00000000000000,0.00000000000000,0.00000000000000
0.00000000000000,0.00000000000000,0.00000000000000
0.00000000000000,0.00000000000000,0.00000000000000
0.00000000000000,0.00000000000000,0.00000000000000
0.00000000000000,0.00000000000000,0.00000000000000
0.00000000000000,0.00000000000000,0.00000000000000
0.00000000000000,0.00000000000000,0.00000000000000
0.00000000000000,0.00000000000000,0.00000000000000
0.00000000000000,1.05234942667445,106.88901575246400
37.57142857142860,14.08226379846600,101.38191085541500
54.00000000000000,27.66898287859300,96.24583629397030
134.14285714285700,41.41071432862810,90.89372279255580
203.00000000000000,55.17174836499340,84.29343127040840
184.71428571428600,68.69720534755200,73.29304738387280
156.57142857142900,80.50600627851710,39.10315456179480
196.42857142857100,78.80598033160180,-49.57308594538310
203.71428571428600,66.35371208409550,-75.80355826761060
126.28571428571400,52.74528649944760,-85.52846103165720
80.57142857142860,38.96905503220400,-91.77710533119210
48.28571428571430,25.23516210228950,-97.02776404733680
7.85714285714286,11.67984023207760,-102.17782866080200
0.00000000000000,0.00000000000000,0.00000000000000
0.00000000000000,0.00000000000000,0.00000000000000
0.00000000000000,0.00000000000000,0.00000000000000
0.00000000000000,0.00000000000000,0.00000000000000
0.00000000000000,0.00000000000000,0.00000000000000
0.00000000000000,0.00000000000000,0.00000000000000
0.00000000000000,0.00000000000000,0.00000000000000
0.00000000000000,0.00000000000000,0.00000000000000
0.00000000000000,0.00000000000000,0.00000000000000
0.00000000000000,0.00000000000000,0.00000000000000
0.00000000000000,0.00000000000000,0.00000000000000
0.00000000000000,0.53758562880444,104.82775138862700
25.71428571428570,13.60975372625090,99.22830277534360
81.00000000000000,27.26665944571510,93.87076526140300
150.42857142857100,41.03219419297060,88.08438910195080
198.57142857142900,54.73945522473700,80.62908646083090
198.57142857142900,68.01890141573870,67.76227024689270
169.14285714285700,78.88392737837170,31.17054619390330
245.00000000000000,77.05454579759140,-43.57558206672570
310.57142857142900,65.20003046643310,-71.37426129826090
242.85714285714300,51.75948244432880,-82.40089571702100
200.85714285714300,38.01368618447740,-89.30960947224190
163.28571428571400,24.24871710625390,-94.91739932246330
13.42857142857140,10.62662409109650,-100.26270775391000
0.00000000000000,0.00000000000000,0.00000000000000
0.00000000000000,0.00000000000000,0.00000000000000
0.00000000000000,0.00000000000000,0.00000000000000
0.00000000000000,0.00000000000000,0.00000000000000
0.00000000000000,0.00000000000000,0.00000000000000
0.00000000000000,0.00000000000000,0.00000000000000
0.00000000000000,0.00000000000000,0.00000000000000
0.00000000000000,0.00000000000000,0.00000000000000
0.00000000000000,0.00000000000000,0.00000000000000
0.00000000000000,0.00000000000000,0.00000000000000
0.00000000000000,0.00000000000000,0.00000000000000
0.00000000000000,0.09226970904904,58.89597163364590
52.28571428571430,13.15516377023880,96.87478294504910
228.42857142857100,26.86458230365720,91.28693583760690
291.00000000000000,40.62454692623820,85.04336942501160
442.14285714285700,54.22619870042730,76.70272466970830
443.14285714285700,67.15856191746730,62.05570857174950
491.42857142857100,76.98988970842650,24.56103252315350
459.85714285714300,74.99424663728100,-38.95473799454520
324.00000000000000,63.74672101792510,-67.11161023491850
345.00000000000000,50.52775757109330,-79.22433807057270
221.85714285714300,36.84660482852550,-86.75022803841880
200.42857142857100,23.07262292954920,-92.70351296088310
13.71428571428570,9.40071497251718,-98.23775122991700
0.00000000000000,0.00000000000000,0.00000000000000
0.00000000000000,0.00000000000000,0.00000000000000
0.00000000000000,0.00000000000000,0.00000000000000
0.00000000000000,0.00000000000000,0.00000000000000
0.00000000000000,0.00000000000000,0.00000000000000
0.00000000000000,0.00000000000000,0.00000000000000
0.00000000000000,0.00000000000000,0.00000000000000
0.00000000000000,0.00000000000000,0.00000000000000
0.00000000000000,0.00000000000000,0.00000000000000
0.00000000000000,0.00000000000000,0.00000000000000
0.00000000000000,0.00000000000000,0.00000000000000
0.00000000000000,0.00000000000000,0.00000000000000
67.00000000000000,12.71106035314640,94.35628535716960
269.14285714285700,26.44871918166280,88.53350210013360
411.85714285714300,40.16694691211610,81.82072350533060
466.42857142857100,53.60432049724650,72.59573800508400
498.00000000000000,66.09032728550760,56.36117721982210
409.42857142857100,74.86244573988010,19.14171578272820
351.00000000000000,72.69177573836780,-35.44114146298230
367.42857142857100,62.02367717194270,-63.13303129506910
443.71428571428600,49.06957810658060,-76.07530504262550
340.00000000000000,35.48728629842030,-84.14817968965940
209.57142857142900,21.72893112103720,-90.42049617422270
7.85714285714286,8.02887540451682,-96.12803269940660
0.00000000000000,0.00000000000000,0.00000000000000
0.00000000000000,0.00000000000000,0.00000000000000
0.00000000000000,0.00000000000000,0.00000000000000
0.00000000000000,0.00000000000000,0.00000000000000
0.00000000000000,0.00000000000000,0.00000000000000
0.00000000000000,0.00000000000000,0.00000000000000
0.00000000000000,0.00000000000000,0.00000000000000
0.00000000000000,0.00000000000000,0.00000000000000
0.00000000000000,0.00000000000000,0.00000000000000
0.00000000000000,0.00000000000000,0.00000000000000
0.00000000000000,0.00000000000000,0.00000000000000
0.00000000000000,0.00000000000000,0.00000000000000
82.28571428571430,12.26632256796560,91.70991391505960
331.71428571428600,26.00257404497750,85.65240521368950
495.85714285714300,39.63806137533970,78.47109845256070
577.85714285714300,52.84970002573420,68.39717247581040
535.42857142857100,64.80238674967630,50.85443557159550
528.42857142857100,72.54381937359090,14.73364802794930
575.42857142857100,70.20795118515670,-32.75216263695380
428.85714285714300,60.07349089765160,-59.49560909769310
489.00000000000000,47.41522742157500,-73.01046752751290
435.57142857142900,33.96375926687320,-81.54350001230150
235.00000000000000,20.24676398344310,-88.09730738388600
0.00000000000000,6.54493508672681,-93.95489943702540
0.00000000000000,0.00000000000000,0.00000000000000
0.00000000000000,0.00000000000000,0.00000000000000
0.00000000000000,0.00000000000000,0.00000000000000
0.00000000000000,0.00000000000000,0.00000000000000
0.00000000000000,0.00000000000000,0.00000000000000
0.00000000000000,0.00000000000000,0.00000000000000
0.00000000000000,0.00000000000000,0.00000000000000
0.00000000000000,0.00000000000000,0.00000000000000
0.00000000000000,0.00000000000000,0.00000000000000
0.00000000000000,0.00000000000000,0.00000000000000
0.00000000000000,0.00000000000000,0.00000000000000
0.00000000000000,0.00000000000000,0.00000000000000
37.85714285714290,11.80726047165360,88.97468189628710
199.42857142857100,25.50870766900410,82.68823981093970
339.28571428571400,39.01811061041880,75.05325355777910
392.28571428571400,51.94451492696870,64.20026367472510
514.14285714285700,63.29810174566230,45.68204347445310
511.42857142857100,70.07704801127210,11.16735268609670
504.71428571428600,67.59753249462730,-30.65023082629450
346.85714285714300,57.94630292326460,-56.20816647867150
253.28571428571400,45.60337014793290,-70.06627577451680
113.85714285714300,32.31106483375540,-78.96647942806960
0.00000000000000,18.66108235376510,-85.75737232868530
0.00000000000000,4.98957502621574,-91.73627863203650
0.00000000000000,0.00000000000000,0.00000000000000
0.00000000000000,0.00000000000000,0.00000000000000
0.00000000000000,0.00000000000000,0.00000000000000
0.00000000000000,0.00000000000000,0.00000000000000
0.00000000000000,0.00000000000000,0.00000000000000
0.00000000000000,0.00000000000000,0.00000000000000
0.00000000000000,0.00000000000000,0.00000000000000
0.00000000000000,0.00000000000000,0.00000000000000
0.00000000000000,0.00000000000000,0.00000000000000
0.00000000000000,0.00000000000000,0.00000000000000
0.00000000000000,0.00000000000000,0.00000000000000
0.00000000000000,0.00000000000000,0.00000000000000
24.42857142857140,11.31879568302120,86.19134324918090
203.57142857142900,24.95024562984720,79.68803738925220
340.28571428571400,38.29077017170640,71.62907017640290
361.85714285714300,50.87931722056720,60.09774054241810
483.57142857142900,61.59485726978650,40.95154503011790
514.28571428571400,67.50504796497330,8.30175820602321
509.42857142857100,64.91075213736370,-28.95210193792980
524.00000000000000,55.69583552474690,-53.24766126606850
406.14285714285700,43.67860989668310,-67.26149428689130
315.28571428571400,30.56964454942500,-76.43839447826400
98.00000000000000,17.01142133458380,-83.41918864659640
0.00000000000000,3.41407631252144,-89.48745236384330
0.00000000000000,0.00000000000000,0.00000000000000
0.00000000000000,0.00000000000000,0.00000000000000
0.00000000000000,0.00000000000000,0.00000000000000
0.00000000000000,0.00000000000000,0.00000000000000
0.00000000000000,0.00000000000000,0.00000000000000
0.00000000000000,0.00000000000000,0.00000000000000
0.00000000000000,0.00000000000000,0.00000000000000
0.00000000000000,0.00000000000000,0.00000000000000
0.00000000000000,0.00000000000000,0.00000000000000
0.00000000000000,0.00000000000000,0.00000000000000
0.00000000000000,0.00000000000000,0.00000000000000
0.00000000000000,0.00000000000000,0.00000000000000
51.42857142857140,10.78567732531860,83.40224585805560
223.00000000000000,24.31231870610550,76.70087679168040
426.14285714285700,37.44479397860110,68.26204151536590
463.85714285714300,49.65421726530150,56.17678352879850
437.85714285714300,59.72146374281180,36.73044711455430
604.28571428571400,64.87048630567590,6.02609105314437
577.00000000000000,62.19490228880610,-27.52122271091350
606.85714285714300,53.37682657497880,-50.57401663904750
536.57142857142900,41.68934723055850,-64.60131512092490
377.85714285714300,28.78379631262400,-73.97314454906460
117.14285714285700,15.34064341490990,-81.09745779019660
0.00000000000000,1.87874501082931,-87.22219282063620
0.00000000000000,0.00000000000000,0.00000000000000
0.00000000000000,0.00000000000000,0.00000000000000
0.00000000000000,0.00000000000000,0.00000000000000
0.00000000000000,0.00000000000000,0.00000000000000
0.00000000000000,0.00000000000000,0.00000000000000
0.00000000000000,0.00000000000000,0.00000000000000
0.00000000000000,0.00000000000000,0.00000000000000
0.00000000000000,0.00000000000000,0.00000000000000
0.00000000000000,0.00000000000000,0.00000000000000
0.00000000000000,0.00000000000000,0.00000000000000
0.00000000000000,0.00000000000000,0.00000000000000
0.00000000000000,0.00000000000000,0.00000000000000
142.57142857142900,10.19375589304260,80.65110328774770
402.85714285714300,23.58342587003450,73.77722655153030
575.14285714285700,36.47529499203490,65.01531599292630
657.14285714285700,48.27916125295350,52.51457487773560
700.71428571428600,57.71510013209560,33.05176339022810
638.28571428571400,62.21590097773440,4.25555082675250
528.28571428571400,59.49549260663280,-26.25713668730420
420.71428571428600,51.04354258524100,-48.14108820996410
401.57142857142900,39.68599582914310,-62.08191672322160
387.00000000000000,27.00020357503890,-71.57940511464380
184.85714285714300,13.69365596679680,-78.80456657288220
0.00000000000000,0.47754543145689,-72.95641458641000
0.00000000000000,0.00000000000000,0.00000000000000
0.00000000000000,0.00000000000000,0.00000000000000
0.00000000000000,0.00000000000000,0.00000000000000
0.00000000000000,0.00000000000000,0.00000000000000
0.00000000000000,0.00000000000000,0.00000000000000
0.00000000000000,0.00000000000000,0.00000000000000
0.00000000000000,0.00000000000000,0.00000000000000
0.00000000000000,0.00000000000000,0.00000000000000
0.00000000000000,0.00000000000000,0.00000000000000
0.00000000000000,0.00000000000000,0.00000000000000
0.00000000000000,0.00000000000000,0.00000000000000
0.00000000000000,0.00000000000000,0.00000000000000
125.42857142857100,9.53134878518767,77.98257128530460
404.71428571428600,22.75671944342870,70.96794346252490
556.14285714285700,35.38465703667800,61.94943773302790
664.71428571428600,46.77344798750020,49.17510399854830
708.28571428571400,55.61852251920430,29.92243161957010
722.85714285714300,59.58380918640220,2.92547329835302
712.42857142857100,56.85690185501200,-25.08651320287090
674.71428571428600,48.74889690634950,-45.90384030558690
566.57142857142900,37.71945244758930,-59.69476619598980
467.85714285714300,25.26645804955960,-69.26298868669910
146.57142857142900,12.11598267183660,-76.55225869657410
0.00000000000000,0.00000000000000,0.00000000000000
0.00000000000000,0.00000000000000,0.00000000000000
0.00000000000000,0.00000000000000,0.00000000000000
0.00000000000000,0.00000000000000,0.00000000000000
0.00000000000000,0.00000000000000,0.00000000000000
0.00000000000000,0.00000000000000,0.00000000000000
0.00000000000000,0.00000000000000,0.00000000000000
0.00000000000000,0.00000000000000,0.00000000000000
0.00000000000000,0.00000000000000,0.00000000000000
0.00000000000000,0.00000000000000,0.00000000000000
0.00000000000000,0.00000000000000,0.00000000000000
0.00000000000000,0.00000000000000,0.00000000000000
0.00000000000000,0.00000000000000,0.00000000000000
97.57142857142860,8.79069140975937,75.44154129439420
389.42857142857100,21.83117821323070,68.32290931996100
565.71428571428600,34.18305853614990,59.11998939417520
643.85714285714300,45.16470568528060,46.20746783243880
694.00000000000000,53.47785044641110,27.33154659832770
714.00000000000000,57.01667889198640,1.98571200345384
708.14285714285700,54.32255850252750,-23.95668698491240
651.85714285714300,46.54377649191250,-43.82270471309730
580.71428571428600,35.83967006424070,-57.43034189487700
425.42857142857100,23.62948567466440,-67.02918637620990
78.42857142857140,10.65208906386250,-74.35334073181940
0.00000000000000,0.00000000000000,0.00000000000000
0.00000000000000,0.00000000000000,0.00000000000000
0.00000000000000,0.00000000000000,0.00000000000000
0.00000000000000,0.00000000000000,0.00000000000000
0.00000000000000,0.00000000000000,0.00000000000000
0.00000000000000,0.00000000000000,0.00000000000000
0.00000000000000,0.00000000000000,0.00000000000000
0.00000000000000,0.00000000000000,0.00000000000000
0.00000000000000,0.00000000000000,0.00000000000000
0.00000000000000,0.00000000000000,0.00000000000000
0.00000000000000,0.00000000000000,0.00000000000000
0.00000000000000,0.00000000000000,0.00000000000000
0.00000000000000,0.00000000000000,0.00000000000000
89.28571428571430,7.96938938947815,73.07212701883590
386.57142857142900,20.81257445346050,65.88938054433630
552.00000000000000,32.88857743937060,56.57539024112860
634.14285714285700,43.48753843095440,43.64554637015680
693.57142857142900,51.34092211927530,25.25682614535030
697.71428571428600,54.55670735019610,1.39578582811115
699.71428571428600,51.93472137489060,-22.83137157222010
643.71428571428600,44.47634159523560,-41.86610919943290
564.57142857142900,34.09423087392470,-55.28116887276460
353.85714285714300,22.13384382269590,-64.88490633468760
47.42857142857140,9.34344211211879,-72.22324797244120
0.00000000000000,0.00000000000000,0.00000000000000
0.00000000000000,0.00000000000000,0.00000000000000
0.00000000000000,0.00000000000000,0.00000000000000
0.00000000000000,0.00000000000000,0.00000000000000
0.00000000000000,0.00000000000000,0.00000000000000
0.00000000000000,0.00000000000000,0.00000000000000
0.00000000000000,0.00000000000000,0.00000000000000
0.00000000000000,0.00000000000000,0.00000000000000
0.00000000000000,0.00000000000000,0.00000000000000
0.00000000000000,0.00000000000000,0.00000000000000
0.00000000000000,0.00000000000000,0.00000000000000
0.00000000000000,0.00000000000000,0.00000000000000
0.00000000000000,0.00000000000000,0.00000000000000
55.00000000000000,7.07170338122666,70.91640633194600
291.00000000000000,19.71408849027330,63.71022717769850
477.00000000000000,31.52683823089980,54.35511807105670
607.71428571428600,41.78199156108180,41.50874948501450
676.85714285714300,49.25605518742250,23.66900817370170
687.42857142857100,52.24539879814920,1.12094970540021
635.14285714285700,49.73395673936950,-21.68790145329070
579.71428571428600,42.59122287426040,-40.01185128535050
447.71428571428600,32.52690932416640,-53.24413149173300
350.42857142857100,20.81995344888360,-62.84043397891140
37.57142857142860,8.22641691596112,-70.18126945203060
0.00000000000000,0.00000000000000,0.00000000000000
0.00000000000000,0.00000000000000,0.00000000000000
0.00000000000000,0.00000000000000,0.00000000000000
0.00000000000000,0.00000000000000,0.00000000000000
0.00000000000000,0.00000000000000,0.00000000000000
0.00000000000000,0.00000000000000,0.00000000000000
0.00000000000000,0.00000000000000,0.00000000000000
0.00000000000000,0.00000000000000,0.00000000000000
0.00000000000000,0.00000000000000,0.00000000000000
0.00000000000000,0.00000000000000,0.00000000000000
0.00000000000000,0.00000000000000,0.00000000000000
0.00000000000000,0.00000000000000,0.00000000000000
0.00000000000000,0.00000000000000,0.00000000000000
68.71428571428570,6.10944685998913,69.01305840354730
355.57142857142900,18.55641251024600,61.82230521528060
502.42857142857100,30.13017424635930,52.48858446462870
593.42857142857100,40.09191871170930,39.80350610890650
708.00000000000000,47.27102639224110,22.53458749588980
726.28571428571400,50.12296875930310,1.12923755299069
714.28571428571400,47.75842603892340,-20.51536682319530
670.14285714285700,40.92865701745350,-38.24767011365540
580.85714285714300,31.17630443455780,-51.32202778397890
408.14285714285700,19.72241898564990,-60.91064215898650
25.28571428571430,7.33031913479800,-68.25122814811890
0.00000000000000,0.00000000000000,0.00000000000000
0.00000000000000,0.00000000000000,0.00000000000000
0.00000000000000,0.00000000000000,0.00000000000000
0.00000000000000,0.00000000000000,0.00000000000000
0.00000000000000,0.00000000000000,0.00000000000000
0.00000000000000,0.00000000000000,0.00000000000000
0.00000000000000,0.00000000000000,0.00000000000000
0.00000000000000,0.00000000000000,0.00000000000000
0.00000000000000,0.00000000000000,0.00000000000000
0.00000000000000,0.00000000000000,0.00000000000000
0.00000000000000,0.00000000000000,0.00000000000000
0.00000000000000,0.00000000000000,0.00000000000000
0.00000000000000,0.00000000000000,0.00000000000000
61.71428571428570,5.10216847469847,67.39606938555990
360.71428571428600,17.36722921978610,60.25519994704170
542.14285714285700,28.73631527712680,50.99478908135470
556.28571428571400,38.46328684275270,38.52521531139560
570.71428571428600,45.43212332531820,21.81750731649660
599.85714285714300,48.22761895199640,1.38947917198934
652.71428571428600,46.04309524425500,-19.31312902551700
590.85714285714300,39.52365558157360,-36.57115858858520
472.00000000000000,30.07466496688970,-49.52432763165510
279.57142857142900,18.86862907587270,-59.11550931210190
27.85714285714290,6.67590239667046,-66.46145789462600
0.00000000000000,0.00000000000000,0.00000000000000
0.00000000000000,0.00000000000000,0.00000000000000
0.00000000000000,0.00000000000000,0.00000000000000
0.00000000000000,0.00000000000000,0.00000000000000
0.00000000000000,0.00000000000000,0.00000000000000
0.00000000000000,0.00000000000000,0.00000000000000
0.00000000000000,0.00000000000000,0.00000000000000
0.00000000000000,0.00000000000000,0.00000000000000
0.00000000000000,0.00000000000000,0.00000000000000
0.00000000000000,0.00000000000000,0.00000000000000
0.00000000000000,0.00000000000000,0.00000000000000
0.00000000000000,0.00000000000000,0.00000000000000
0.00000000000000,0.00000000000000,0.00000000000000
14.28571428571430,4.07884119651456,66.09364914327190
352.57142857142900,16.18004240082850,59.03048771822970
537.42857142857100,27.38666278907130,49.88272820703210
636.57142857142900,36.94243622906690,37.66042537106450
695.28571428571400,43.78317503551690,21.48032489548040
712.28571428571400,46.59472179551930,1.87022783120412
689.00000000000000,44.61894556717940,-18.08937874165430
641.85714285714300,38.40529128937710,-34.98907915530070
545.71428571428600,29.24701220410640,-47.86713177711380
354.42857142857100,18.27779849939210,-57.47987717316880
12.14285714285710,6.27470679591469,-64.84401881423110
0.00000000000000,0.00000000000000,0.00000000000000
0.00000000000000,0.00000000000000,0.00000000000000
0.00000000000000,0.00000000000000,0.00000000000000
0.00000000000000,0.00000000000000,0.00000000000000
0.00000000000000,0.00000000000000,0.00000000000000
0.00000000000000,0.00000000000000,0.00000000000000
0.00000000000000,0.00000000000000,0.00000000000000
0.00000000000000,0.00000000000000,0.00000000000000
0.00000000000000,0.00000000000000,0.00000000000000
0.00000000000000,0.00000000000000,0.00000000000000
0.00000000000000,0.00000000000000,0.00000000000000
0.00000000000000,0.00000000000000,0.00000000000000
0.00000000000000,0.00000000000000,0.00000000000000
5.14285714285714,3.07311914673474,65.12741792840170
329.85714285714300,15.03244906348830,58.16152119098020
528.00000000000000,26.12426991494450,49.15238059078410
632.71428571428600,35.57431777271530,37.18902571682290
688.42857142857100,42.36451671227090,21.48515623723770
706.57142857142900,45.25593742633110,2.53944551513734
691.42857142857100,43.51221711341950,-16.85959141669430
653.00000000000000,37.59613177956610,-33.51617182134740
560.14285714285700,28.71059410651600,-46.37240772587950
376.28571428571400,17.96051341234220,-56.03249088031090
9.57142857142857,6.12926355135327,-63.43322856213170
0.00000000000000,0.00000000000000,0.00000000000000
0.00000000000000,0.00000000000000,0.00000000000000
0.00000000000000,0.00000000000000,0.00000000000000
0.00000000000000,0.00000000000000,0.00000000000000
0.00000000000000,0.00000000000000,0.00000000000000
0.00000000000000,0.00000000000000,0.00000000000000
0.00000000000000,0.00000000000000,0.00000000000000
0.00000000000000,0.00000000000000,0.00000000000000
0.00000000000000,0.00000000000000,0.00000000000000
0.00000000000000,0.00000000000000,0.00000000000000
0.00000000000000,0.00000000000000,0.00000000000000
0.00000000000000,0.00000000000000,0.00000000000000
0.00000000000000,0.00000000000000,0.00000000000000
0.00000000000000,2.12325789513666,64.51182931106690
336.57142857142900,13.96404412579180,57.65361197368690
547.28571428571400,24.99168943038290,48.79599563427830
656.57142857142900,34.40075545534320,37.08624835536230
712.71428571428600,41.21189106899000,21.79449690023020
733.57142857142900,44.23828011696600,3.36470733779091
724.57142857142900,42.74367892431780,-15.64491201157670
682.71428571428600,37.11179121665740,-32.17362206928060
595.57142857142900,28.47461983633230,-45.06667971613470
432.00000000000000,17.91872059469780,-54.80448631116850
16.57142857142860,6.23386045267010,-62.26371906263140
0.00000000000000,0.00000000000000,0.00000000000000
0.00000000000000,0.00000000000000,0.00000000000000
0.00000000000000,0.00000000000000,0.00000000000000
0.00000000000000,0.00000000000000,0.00000000000000
0.00000000000000,0.00000000000000,0.00000000000000
0.00000000000000,0.00000000000000,0.00000000000000
0.00000000000000,0.00000000000000,0.00000000000000
0.00000000000000,0.00000000000000,0.00000000000000
0.00000000000000,0.00000000000000,0.00000000000000
0.00000000000000,0.00000000000000,0.00000000000000
0.00000000000000,0.00000000000000,0.00000000000000
0.00000000000000,0.00000000000000,0.00000000000000
0.00000000000000,0.00000000000000,0.00000000000000
0.00000000000000,1.27025733829708,64.25374861543340
315.14285714285700,13.01420902225920,57.50442725449130
553.42857142857100,24.02887948837330,48.79940682383440
660.14285714285700,33.45881822086470,37.32431848779480
718.71428571428600,40.35534218989630,22.37189016990330
738.00000000000000,43.56317264821870,4.31364758026156
709.71428571428600,42.32791797502630,-14.47062374286590
697.71428571428600,36.96054643573380,-30.98742999522210
610.85714285714300,28.54017418135290,-43.97943271722080
352.85714285714300,18.14601765938470,-53.82758325363510
15.57142857142860,6.57541819179414,-61.36831597963610
0.00000000000000,0.00000000000000,0.00000000000000
0.00000000000000,0.00000000000000,0.00000000000000
0.00000000000000,0.00000000000000,0.00000000000000
0.00000000000000,0.00000000000000,0.00000000000000
0.00000000000000,0.00000000000000,0.00000000000000
0.00000000000000,0.00000000000000,0.00000000000000
0.00000000000000,0.00000000000000,0.00000000000000
0.00000000000000,0.00000000000000,0.00000000000000
0.00000000000000,0.00000000000000,0.00000000000000
0.00000000000000,0.00000000000000,0.00000000000000
0.00000000000000,0.00000000000000,0.00000000000000
0.00000000000000,0.00000000000000,0.00000000000000
0.00000000000000,0.00000000000000,0.00000000000000
0.00000000000000,0.55064372020812,64.35213625549220
287.57142857142900,12.22003520716740,57.70446073708290
529.00000000000000,23.27135054772200,49.14319165451930
642.42857142857100,32.77941398030400,37.87369090628430
713.42857142857100,39.81820853921200,23.18239862450130
736.28571428571400,43.24557320868840,5.35440900064087
726.71428571428600,42.27268187591020,-13.36488862029990
705.14285714285700,37.14299621812790,-29.98693719209660
618.57142857142900,28.90022914974330,-43.14151188007870
385.85714285714300,18.62810083186540,-53.13227131270260
36.00000000000000,7.13420415516507,-60.77605090365350
0.00000000000000,0.00000000000000,0.00000000000000
0.00000000000000,0.00000000000000,0.00000000000000
0.00000000000000,0.00000000000000,0.00000000000000
0.00000000000000,0.00000000000000,0.00000000000000
0.00000000000000,0.00000000000000,0.00000000000000
0.00000000000000,0.00000000000000,0.00000000000000
0.00000000000000,0.00000000000000,0.00000000000000
0.00000000000000,0.00000000000000,0.00000000000000
0.00000000000000,0.00000000000000,0.00000000000000
0.00000000000000,0.00000000000000,0.00000000000000
0.00000000000000,0.00000000000000,0.00000000000000
0.00000000000000,0.00000000000000,0.00000000000000
0.00000000000000,0.00000000000000,0.00000000000000
0.00000000000000,0.05457465397205,27.69620283612340
244.57142857142900,11.61456711647760,58.23755508104820
493.57142857142900,22.74868619071220,49.80365702604340
621.00000000000000,32.38621363560120,38.70394353117240
697.42857142857100,39.61634551764480,24.19291147798110
723.57142857142900,43.29330060747520,6.45597342472344
717.85714285714300,42.57836868071120,-12.35788390994170
689.42857142857100,37.65181177808960,-29.20369744641720
618.28571428571400,29.53974640288420,-42.58373390933290
411.85714285714300,19.34330855891480,-52.74621903443600
59.00000000000000,7.88444241544247,-60.51054652139700
0.00000000000000,0.00000000000000,0.00000000000000
0.00000000000000,0.00000000000000,0.00000000000000
0.00000000000000,0.00000000000000,0.00000000000000
0.00000000000000,0.00000000000000,0.00000000000000
0.00000000000000,0.00000000000000,0.00000000000000
0.00000000000000,0.00000000000000,0.00000000000000
0.00000000000000,0.00000000000000,0.00000000000000
0.00000000000000,0.00000000000000,0.00000000000000
0.00000000000000,0.00000000000000,0.00000000000000
0.00000000000000,0.00000000000000,0.00000000000000
0.00000000000000,0.00000000000000,0.00000000000000
0.00000000000000,0.00000000000000,0.00000000000000
0.00000000000000,0.00000000000000,0.00000000000000
0.00000000000000,0.00000000000000,0.00000000000000
33.14285714285710,1.62211546798067,8.38161716276587
66.42857142857140,3.22193480426727,7.18597144023329
89.14285714285710,4.61197802884954,5.61188532229928
100.71428571428600,5.66297502259019,3.54884419827828
102.00000000000000,6.21002940644773,1.01436945922638
98.71428571428570,6.12835321762836,-1.69040691895453
95.71428571428570,5.43875677507794,-4.12219087020270
89.28571428571430,4.28747924839985,-6.05556652295431
55.85714285714290,2.83405713593502,-7.52281044430641
9.57142857142857,1.19736936716389,-8.64258124458522
0.00000000000000,0.00000000000000,0.00000000000000
0.00000000000000,0.00000000000000,0.00000000000000
0.00000000000000,0.00000000000000,0.00000000000000
0.00000000000000,0.00000000000000,0.00000000000000
0.00000000000000,0.00000000000000,0.00000000000000
